{"data":{"tiers":["Unranked","Bronze I","Bronze II","Bronze III","Silver I","Silver II","Silver III","Gold I","Gold II","Gold III","Platinum I","Platinum II","Platinum III","Diamond I","Diamond II","Diamond III","Champion I","Champion II","Champion III","Grand Champion I","Grand Champion II","Grand Champion III","Supersonic Legend"],"divisions":["Division I","Division II","Division III","Division IV"],"playlists":[{"key":0,"value":"Un-Ranked"},{"key":10,"value":"Ranked Duel 1v1"},{"key":11,"value":"Ranked Doubles 2v2"},{"key":13,"value":"Ranked Standard 3v3"},{"key":27,"value":"Hoops"},{"key":28,"value":"Rumble"},{"key":29,"value":"Dropshot"},{"key":30,"value":"Snowday"},{"key":34,"value":"Tournament Matches"}],"data":[{"id":0,"tier":0,"playlist":10,"players":0,"division":0,"minMMR":483,"maxMMR":1137},{"id":1,"tier":1,"playlist":10,"players":0,"division":0,"minMMR":0,"maxMMR":114},{"id":2,"tier":1,"playlist":10,"players":0,"division":1,"minMMR":115,"maxMMR":127},{"id":3,"tier":1,"playlist":10,"players":0,"division":2,"minMMR":128,"maxMMR":140},{"id":4,"tier":1,"playlist":10,"players":0,"division":3,"minMMR":144,"maxMMR":154},{"id":5,"tier":2,"playlist":10,"players":0,"division":0,"minMMR":149,"maxMMR":158},{"id":6,"tier":2,"playlist":10,"players":0,"division":1,"minMMR":160,"maxMMR":177},{"id":7,"tier":2,"playlist":10,"players":0,"division":2,"minMMR":178,"maxMMR":196},{"id":8,"tier":2,"playlist":10,"players":0,"division":3,"minMMR":197,"maxMMR":210},{"id":9,"tier":3,"playlist":10,"players":0,"division":0,"minMMR":207,"maxMMR":218},{"id":10,"tier":3,"playlist":10,"players":0,"division":1,"minMMR":219,"maxMMR":237},{"id":11,"tier":3,"playlist":10,"players":0,"division":2,"minMMR":238,"maxMMR":256},{"id":12,"tier":3,"playlist":10,"players":0,"division":3,"minMMR":257,"maxMMR":268},{"id":13,"tier":4,"playlist":10,"players":0,"division":0,"minMMR":269,"maxMMR":278},{"id":14,"tier":4,"playlist":10,"players":0,"division":1,"minMMR":279,"maxMMR":297},{"id":15,"tier":4,"playlist":10,"players":0,"division":2,"minMMR":298,"maxMMR":316},{"id":16,"tier":4,"playlist":10,"players":0,"division":3,"minMMR":317,"maxMMR":320},{"id":17,"tier":5,"playlist":10,"players":0,"division":0,"minMMR":333,"maxMMR":338},{"id":18,"tier":5,"playlist":10,"players":0,"division":1,"minMMR":339,"maxMMR":357},{"id":19,"tier":5,"playlist":10,"players":0,"division":2,"minMMR":358,"maxMMR":376},{"id":20,"tier":5,"playlist":10,"players":0,"division":3,"minMMR":377,"maxMMR":383},{"id":21,"tier":6,"playlist":10,"players":0,"division":0,"minMMR":393,"maxMMR":398},{"id":22,"tier":6,"playlist":10,"players":0,"division":1,"minMMR":399,"maxMMR":417},{"id":23,"tier":6,"playlist":10,"players":0,"division":2,"minMMR":418,"maxMMR":436},{"id":24,"tier":6,"playlist":10,"players":0,"division":3,"minMMR":437,"maxMMR":445},{"id":25,"tier":7,"playlist":10,"players":0,"division":0,"minMMR":453,"maxMMR":458},{"id":26,"tier":7,"playlist":10,"players":0,"division":1,"minMMR":459,"maxMMR":477},{"id":27,"tier":7,"playlist":10,"players":0,"division":2,"minMMR":478,"maxMMR":496},{"id":28,"tier":7,"playlist":10,"players":0,"division":3,"minMMR":497,"maxMMR":505},{"id":29,"tier":8,"playlist":10,"players":0,"division":0,"minMMR":507,"maxMMR":518},{"id":30,"tier":8,"playlist":10,"players":0,"division":1,"minMMR":519,"maxMMR":537},{"id":31,"tier":8,"playlist":10,"players":0,"division":2,"minMMR":538,"maxMMR":556},{"id":32,"tier":8,"playlist":10,"players":0,"division":3,"minMMR":557,"maxMMR":565},{"id":33,"tier":9,"playlist":10,"players":0,"division":0,"minMMR":567,"maxMMR":578},{"id":34,"tier":9,"playlist":10,"players":0,"division":1,"minMMR":579,"maxMMR":597},{"id":35,"tier":9,"playlist":10,"players":0,"division":2,"minMMR":598,"maxMMR":616},{"id":36,"tier":9,"playlist":10,"players":0,"division":3,"minMMR":617,"maxMMR":626},{"id":37,"tier":10,"playlist":10,"players":0,"division":0,"minMMR":627,"maxMMR":638},{"id":38,"tier":10,"playlist":10,"players":0,"division":1,"minMMR":639,"maxMMR":657},{"id":39,"tier":10,"playlist":10,"players":0,"division":2,"minMMR":658,"maxMMR":676},{"id":40,"tier":10,"playlist":10,"players":0,"division":3,"minMMR":677,"maxMMR":686},{"id":41,"tier":11,"playlist":10,"players":0,"division":0,"minMMR":686,"maxMMR":698},{"id":42,"tier":11,"playlist":10,"players":0,"division":1,"minMMR":699,"maxMMR":717},{"id":43,"tier":11,"playlist":10,"players":0,"division":2,"minMMR":718,"maxMMR":736},{"id":44,"tier":11,"playlist":10,"players":0,"division":3,"minMMR":737,"maxMMR":746},{"id":45,"tier":12,"playlist":10,"players":0,"division":0,"minMMR":746,"maxMMR":758},{"id":46,"tier":12,"playlist":10,"players":0,"division":1,"minMMR":759,"maxMMR":777},{"id":47,"tier":12,"playlist":10,"players":0,"division":2,"minMMR":778,"maxMMR":796},{"id":48,"tier":12,"playlist":10,"players":0,"division":3,"minMMR":797,"maxMMR":806},{"id":49,"tier":13,"playlist":10,"players":0,"division":0,"minMMR":807,"maxMMR":818},{"id":50,"tier":13,"playlist":10,"players":0,"division":1,"minMMR":819,"maxMMR":837},{"id":51,"tier":13,"playlist":10,"players":0,"division":2,"minMMR":838,"maxMMR":856},{"id":52,"tier":13,"playlist":10,"players":0,"division":3,"minMMR":857,"maxMMR":866},{"id":53,"tier":14,"playlist":10,"players":0,"division":0,"minMMR":866,"maxMMR":878},{"id":54,"tier":14,"playlist":10,"players":0,"division":1,"minMMR":879,"maxMMR":897},{"id":55,"tier":14,"playlist":10,"players":0,"division":2,"minMMR":898,"maxMMR":916},{"id":56,"tier":14,"playlist":10,"players":0,"division":3,"minMMR":917,"maxMMR":926},{"id":57,"tier":15,"playlist":10,"players":0,"division":0,"minMMR":926,"maxMMR":938},{"id":58,"tier":15,"playlist":10,"players":0,"division":1,"minMMR":939,"maxMMR":957},{"id":59,"tier":15,"playlist":10,"players":0,"division":2,"minMMR":958,"maxMMR":976},{"id":60,"tier":15,"playlist":10,"players":0,"division":3,"minMMR":977,"maxMMR":986},{"id":61,"tier":16,"playlist":10,"players":0,"division":0,"minMMR":987,"maxMMR":998},{"id":62,"tier":16,"playlist":10,"players":0,"division":1,"minMMR":999,"maxMMR":1017},{"id":63,"tier":16,"playlist":10,"players":0,"division":2,"minMMR":1018,"maxMMR":1036},{"id":64,"tier":16,"playlist":10,"players":0,"division":3,"minMMR":1037,"maxMMR":1045},{"id":65,"tier":17,"playlist":10,"players":0,"division":0,"minMMR":1046,"maxMMR":1058},{"id":66,"tier":17,"playlist":10,"players":0,"division":1,"minMMR":1059,"maxMMR":1077},{"id":67,"tier":17,"playlist":10,"players":0,"division":2,"minMMR":1078,"maxMMR":1096},{"id":68,"tier":17,"playlist":10,"players":0,"division":3,"minMMR":1097,"maxMMR":1106},{"id":69,"tier":18,"playlist":10,"players":0,"division":0,"minMMR":1106,"maxMMR":1118},{"id":70,"tier":18,"playlist":10,"players":0,"division":1,"minMMR":1120,"maxMMR":1135},{"id":71,"tier":18,"playlist":10,"players":0,"division":2,"minMMR":1138,"maxMMR":1155},{"id":72,"tier":18,"playlist":10,"players":0,"division":3,"minMMR":1157,"maxMMR":1165},{"id":73,"tier":19,"playlist":10,"players":0,"division":0,"minMMR":1173,"maxMMR":1178},{"id":74,"tier":19,"playlist":10,"players":0,"division":1,"minMMR":1180,"maxMMR":1193},{"id":75,"tier":19,"playlist":10,"players":0,"division":2,"minMMR":1200,"maxMMR":1215},{"id":76,"tier":19,"playlist":10,"players":0,"division":3,"minMMR":1217,"maxMMR":1226},{"id":77,"tier":20,"playlist":10,"players":0,"division":0,"minMMR":1227,"maxMMR":1238},{"id":78,"tier":20,"playlist":10,"players":0,"division":1,"minMMR":1240,"maxMMR":1247},{"id":79,"tier":20,"playlist":10,"players":0,"division":2,"minMMR":1258,"maxMMR":1275},{"id":80,"tier":20,"playlist":10,"players":0,"division":3,"minMMR":1277,"maxMMR":1286},{"id":81,"tier":21,"playlist":10,"players":0,"division":0,"minMMR":1286,"maxMMR":1298},{"id":82,"tier":21,"playlist":10,"players":0,"division":1,"minMMR":1300,"maxMMR":1308},{"id":83,"tier":21,"playlist":10,"players":0,"division":2,"minMMR":1318,"maxMMR":1335},{"id":84,"tier":21,"playlist":10,"players":0,"division":3,"minMMR":1337,"maxMMR":1346},{"id":85,"tier":22,"playlist":10,"players":0,"division":0,"minMMR":1342,"maxMMR":1489}]}}