{"data":{"tiers":["Unranked","Bronze I","Bronze II","Bronze III","Silver I","Silver II","Silver III","Gold I","Gold II","Gold III","Platinum I","Platinum II","Platinum III","Diamond I","Diamond II","Diamond III","Champion I","Champion II","Champion III","Grand Champion I","Grand Champion II","Grand Champion III","Supersonic Legend"],"divisions":["Division I","Division II","Division III","Division IV"],"playlists":[{"key":0,"value":"Un-Ranked"},{"key":10,"value":"Ranked Duel 1v1"},{"key":11,"value":"Ranked Doubles 2v2"},{"key":13,"value":"Ranked Standard 3v3"},{"key":27,"value":"Hoops"},{"key":28,"value":"Rumble"},{"key":29,"value":"Dropshot"},{"key":30,"value":"Snowday"},{"key":34,"value":"Tournament Matches"}],"data":[{"id":0,"tier":0,"playlist":13,"players":0,"division":0,"minMMR":406,"maxMMR":1660},{"id":1,"tier":1,"playlist":13,"players":0,"division":0,"minMMR":0,"maxMMR":118},{"id":2,"tier":1,"playlist":13,"players":0,"division":1,"minMMR":126,"maxMMR":137},{"id":3,"tier":1,"playlist":13,"players":0,"division":2,"minMMR":140,"maxMMR":156},{"id":4,"tier":1,"playlist":13,"players":0,"division":3,"minMMR":157,"maxMMR":168},{"id":5,"tier":2,"playlist":13,"players":0,"division":0,"minMMR":164,"maxMMR":178},{"id":6,"tier":2,"playlist":13,"players":0,"division":1,"minMMR":181,"maxMMR":197},{"id":7,"tier":2,"playlist":13,"players":0,"division":2,"minMMR":198,"maxMMR":216},{"id":8,"tier":2,"playlist":13,"players":0,"division":3,"minMMR":217,"maxMMR":229},{"id":9,"tier":3,"playlist":13,"players":0,"division":0,"minMMR":225,"maxMMR":238},{"id":10,"tier":3,"playlist":13,"players":0,"division":1,"minMMR":239,"maxMMR":257},{"id":11,"tier":3,"playlist":13,"players":0,"division":2,"minMMR":258,"maxMMR":276},{"id":12,"tier":3,"playlist":13,"players":0,"division":3,"minMMR":277,"maxMMR":284},{"id":13,"tier":4,"playlist":13,"players":0,"division":0,"minMMR":287,"maxMMR":298},{"id":14,"tier":4,"playlist":13,"players":0,"division":1,"minMMR":299,"maxMMR":317},{"id":15,"tier":4,"playlist":13,"players":0,"division":2,"minMMR":318,"maxMMR":336},{"id":16,"tier":4,"playlist":13,"players":0,"division":3,"minMMR":337,"maxMMR":342},{"id":17,"tier":5,"playlist":13,"players":0,"division":0,"minMMR":351,"maxMMR":358},{"id":18,"tier":5,"playlist":13,"players":0,"division":1,"minMMR":359,"maxMMR":377},{"id":19,"tier":5,"playlist":13,"players":0,"division":2,"minMMR":378,"maxMMR":396},{"id":20,"tier":5,"playlist":13,"players":0,"division":3,"minMMR":397,"maxMMR":403},{"id":21,"tier":6,"playlist":13,"players":0,"division":0,"minMMR":409,"maxMMR":418},{"id":22,"tier":6,"playlist":13,"players":0,"division":1,"minMMR":419,"maxMMR":437},{"id":23,"tier":6,"playlist":13,"players":0,"division":2,"minMMR":438,"maxMMR":456},{"id":24,"tier":6,"playlist":13,"players":0,"division":3,"minMMR":457,"maxMMR":465},{"id":25,"tier":7,"playlist":13,"players":0,"division":0,"minMMR":470,"maxMMR":478},{"id":26,"tier":7,"playlist":13,"players":0,"division":1,"minMMR":479,"maxMMR":497},{"id":27,"tier":7,"playlist":13,"players":0,"division":2,"minMMR":498,"maxMMR":516},{"id":28,"tier":7,"playlist":13,"players":0,"division":3,"minMMR":517,"maxMMR":524},{"id":29,"tier":8,"playlist":13,"players":0,"division":0,"minMMR":531,"maxMMR":538},{"id":30,"tier":8,"playlist":13,"players":0,"division":1,"minMMR":539,"maxMMR":557},{"id":31,"tier":8,"playlist":13,"players":0,"division":2,"minMMR":558,"maxMMR":576},{"id":32,"tier":8,"playlist":13,"players":0,"division":3,"minMMR":577,"maxMMR":584},{"id":33,"tier":9,"playlist":13,"players":0,"division":0,"minMMR":590,"maxMMR":598},{"id":34,"tier":9,"playlist":13,"players":0,"division":1,"minMMR":599,"maxMMR":617},{"id":35,"tier":9,"playlist":13,"players":0,"division":2,"minMMR":618,"maxMMR":636},{"id":36,"tier":9,"playlist":13,"players":0,"division":3,"minMMR":637,"maxMMR":645},{"id":37,"tier":10,"playlist":13,"players":0,"division":0,"minMMR":650,"maxMMR":658},{"id":38,"tier":10,"playlist":13,"players":0,"division":1,"minMMR":659,"maxMMR":677},{"id":39,"tier":10,"playlist":13,"players":0,"division":2,"minMMR":678,"maxMMR":696},{"id":40,"tier":10,"playlist":13,"players":0,"division":3,"minMMR":697,"maxMMR":705},{"id":41,"tier":11,"playlist":13,"players":0,"division":0,"minMMR":710,"maxMMR":718},{"id":42,"tier":11,"playlist":13,"players":0,"division":1,"minMMR":719,"maxMMR":737},{"id":43,"tier":11,"playlist":13,"players":0,"division":2,"minMMR":738,"maxMMR":756},{"id":44,"tier":11,"playlist":13,"players":0,"division":3,"minMMR":757,"maxMMR":765},{"id":45,"tier":12,"playlist":13,"players":0,"division":0,"minMMR":769,"maxMMR":778},{"id":46,"tier":12,"playlist":13,"players":0,"division":1,"minMMR":779,"maxMMR":797},{"id":47,"tier":12,"playlist":13,"players":0,"division":2,"minMMR":798,"maxMMR":816},{"id":48,"tier":12,"playlist":13,"players":0,"division":3,"minMMR":817,"maxMMR":825},{"id":49,"tier":13,"playlist":13,"players":0,"division":0,"minMMR":835,"maxMMR":843},{"id":50,"tier":13,"playlist":13,"players":0,"division":1,"minMMR":844,"maxMMR":867},{"id":51,"tier":13,"playlist":13,"players":0,"division":2,"minMMR":868,"maxMMR":891},{"id":52,"tier":13,"playlist":13,"players":0,"division":3,"minMMR":892,"maxMMR":900},{"id":53,"tier":14,"playlist":13,"players":0,"division":0,"minMMR":913,"maxMMR":923},{"id":54,"tier":14,"playlist":13,"players":0,"division":1,"minMMR":924,"maxMMR":947},{"id":55,"tier":14,"playlist":13,"players":0,"division":2,"minMMR":948,"maxMMR":971},{"id":56,"tier":14,"playlist":13,"players":0,"division":3,"minMMR":972,"maxMMR":980},{"id":57,"tier":15,"playlist":13,"players":0,"division":0,"minMMR":993,"maxMMR":1003},{"id":58,"tier":15,"playlist":13,"players":0,"division":1,"minMMR":1004,"maxMMR":1027},{"id":59,"tier":15,"playlist":13,"players":0,"division":2,"minMMR":1028,"maxMMR":1051},{"id":60,"tier":15,"playlist":13,"players":0,"division":3,"minMMR":1052,"maxMMR":1060},{"id":61,"tier":16,"playlist":13,"players":0,"division":0,"minMMR":1075,"maxMMR":1093},{"id":62,"tier":16,"playlist":13,"players":0,"division":1,"minMMR":1095,"maxMMR":1115},{"id":63,"tier":16,"playlist":13,"players":0,"division":2,"minMMR":1128,"maxMMR":1145},{"id":64,"tier":16,"playlist":13,"players":0,"division":3,"minMMR":1162,"maxMMR":1180},{"id":65,"tier":17,"playlist":13,"players":0,"division":0,"minMMR":1195,"maxMMR":1213},{"id":66,"tier":17,"playlist":13,"players":0,"division":1,"minMMR":1215,"maxMMR":1247},{"id":67,"tier":17,"playlist":13,"players":0,"division":2,"minMMR":1248,"maxMMR":1276},{"id":68,"tier":17,"playlist":13,"players":0,"division":3,"minMMR":1282,"maxMMR":1300},{"id":69,"tier":18,"playlist":13,"players":0,"division":0,"minMMR":1315,"maxMMR":1333},{"id":70,"tier":18,"playlist":13,"players":0,"division":1,"minMMR":1335,"maxMMR":1365},{"id":71,"tier":18,"playlist":13,"players":0,"division":2,"minMMR":1368,"maxMMR":1395},{"id":72,"tier":18,"playlist":13,"players":0,"division":3,"minMMR":1402,"maxMMR":1419},{"id":73,"tier":19,"playlist":13,"players":0,"division":0,"minMMR":1435,"maxMMR":1456},{"id":74,"tier":19,"playlist":13,"players":0,"division":1,"minMMR":1461,"maxMMR":1487},{"id":75,"tier":19,"playlist":13,"players":0,"division":2,"minMMR":1498,"maxMMR":1535},{"id":76,"tier":19,"playlist":13,"players":0,"division":3,"minMMR":1537,"maxMMR":1559},{"id":77,"tier":20,"playlist":13,"players":0,"division":0,"minMMR":1575,"maxMMR":1598},{"id":78,"tier":20,"playlist":13,"players":0,"division":1,"minMMR":1600,"maxMMR":1637},{"id":79,"tier":20,"playlist":13,"players":0,"division":2,"minMMR":1638,"maxMMR":1665},{"id":80,"tier":20,"playlist":13,"players":0,"division":3,"minMMR":1677,"maxMMR":1700},{"id":81,"tier":21,"playlist":13,"players":0,"division":0,"minMMR":1712,"maxMMR":1742},{"id":82,"tier":21,"playlist":13,"players":0,"division":1,"minMMR":1744,"maxMMR":1773},{"id":83,"tier":21,"playlist":13,"players":0,"division":2,"minMMR":1788,"maxMMR":1811},{"id":84,"tier":21,"playlist":13,"players":0,"division":3,"minMMR":1832,"maxMMR":1860},{"id":85,"tier":22,"playlist":13,"players":0,"division":0,"minMMR":1864,"maxMMR":2000}]}}