{"data":{"tiers":["Unranked","Bronze I","Bronze II","Bronze III","Silver I","Silver II","Silver III","Gold I","Gold II","Gold III","Platinum I","Platinum II","Platinum III","Diamond I","Diamond II","Diamond III","Champion I","Champion II","Champion III","Grand Champion I","Grand Champion II","Grand Champion III","Supersonic Legend"],"divisions":["Division I","Division II","Division III","Division IV"],"playlists":[{"key":0,"value":"Un-Ranked"},{"key":10,"value":"Ranked Duel 1v1"},{"key":11,"value":"Ranked Doubles 2v2"},{"key":13,"value":"Ranked Standard 3v3"},{"key":27,"value":"Hoops"},{"key":28,"value":"Rumble"},{"key":29,"value":"Dropshot"},{"key":30,"value":"Snowday"},{"key":34,"value":"Tournament Matches"}],"data":[{"id":0,"tier":0,"playlist":27,"players":0,"division":0,"minMMR":468,"maxMMR":1160},{"id":1,"tier":1,"playlist":27,"players":0,"division":0,"minMMR":0,"maxMMR":114},{"id":2,"tier":1,"playlist":27,"players":0,"division":1,"minMMR":141,"maxMMR":156},{"id":3,"tier":1,"playlist":27,"players":0,"division":2,"minMMR":162,"maxMMR":186},{"id":4,"tier":1,"playlist":27,"players":0,"division":3,"minMMR":194,"maxMMR":200},{"id":5,"tier":2,"playlist":27,"players":0,"division":0,"minMMR":205,"maxMMR":216},{"id":6,"tier":2,"playlist":27,"players":0,"division":1,"minMMR":226,"maxMMR":233},{"id":7,"tier":2,"playlist":27,"players":0,"division":2,"minMMR":241,"maxMMR":254},{"id":8,"tier":2,"playlist":27,"players":0,"division":3,"minMMR":257,"maxMMR":270},{"id":9,"tier":3,"playlist":27,"players":0,"division":0,"minMMR":263,"maxMMR":278},{"id":10,"tier":3,"playlist":27,"players":0,"division":1,"minMMR":280,"maxMMR":297},{"id":11,"tier":3,"playlist":27,"players":0,"division":2,"minMMR":302,"maxMMR":316},{"id":12,"tier":3,"playlist":27,"players":0,"division":3,"minMMR":317,"maxMMR":334},{"id":13,"tier":4,"playlist":27,"players":0,"division":0,"minMMR":325,"maxMMR":333},{"id":14,"tier":4,"playlist":27,"players":0,"division":1,"minMMR":335,"maxMMR":347},{"id":15,"tier":4,"playlist":27,"players":0,"division":2,"minMMR":348,"maxMMR":360},{"id":16,"tier":4,"playlist":27,"players":0,"division":3,"minMMR":362,"maxMMR":374},{"id":17,"tier":5,"playlist":27,"players":0,"division":0,"minMMR":365,"maxMMR":378},{"id":18,"tier":5,"playlist":27,"players":0,"division":1,"minMMR":379,"maxMMR":397},{"id":19,"tier":5,"playlist":27,"players":0,"division":2,"minMMR":398,"maxMMR":416},{"id":20,"tier":5,"playlist":27,"players":0,"division":3,"minMMR":417,"maxMMR":433},{"id":21,"tier":6,"playlist":27,"players":0,"division":0,"minMMR":423,"maxMMR":433},{"id":22,"tier":6,"playlist":27,"players":0,"division":1,"minMMR":435,"maxMMR":447},{"id":23,"tier":6,"playlist":27,"players":0,"division":2,"minMMR":448,"maxMMR":461},{"id":24,"tier":6,"playlist":27,"players":0,"division":3,"minMMR":463,"maxMMR":474},{"id":25,"tier":7,"playlist":27,"players":0,"division":0,"minMMR":465,"maxMMR":478},{"id":26,"tier":7,"playlist":27,"players":0,"division":1,"minMMR":479,"maxMMR":497},{"id":27,"tier":7,"playlist":27,"players":0,"division":2,"minMMR":498,"maxMMR":516},{"id":28,"tier":7,"playlist":27,"players":0,"division":3,"minMMR":517,"maxMMR":522},{"id":29,"tier":8,"playlist":27,"players":0,"division":0,"minMMR":521,"maxMMR":533},{"id":30,"tier":8,"playlist":27,"players":0,"division":1,"minMMR":534,"maxMMR":547},{"id":31,"tier":8,"playlist":27,"players":0,"division":2,"minMMR":548,"maxMMR":561},{"id":32,"tier":8,"playlist":27,"players":0,"division":3,"minMMR":562,"maxMMR":574},{"id":33,"tier":9,"playlist":27,"players":0,"division":0,"minMMR":574,"maxMMR":578},{"id":34,"tier":9,"playlist":27,"players":0,"division":1,"minMMR":579,"maxMMR":597},{"id":35,"tier":9,"playlist":27,"players":0,"division":2,"minMMR":598,"maxMMR":616},{"id":36,"tier":9,"playlist":27,"players":0,"division":3,"minMMR":617,"maxMMR":622},{"id":37,"tier":10,"playlist":27,"players":0,"division":0,"minMMR":623,"maxMMR":633},{"id":38,"tier":10,"playlist":27,"players":0,"division":1,"minMMR":634,"maxMMR":647},{"id":39,"tier":10,"playlist":27,"players":0,"division":2,"minMMR":648,"maxMMR":661},{"id":40,"tier":10,"playlist":27,"players":0,"division":3,"minMMR":662,"maxMMR":672},{"id":41,"tier":11,"playlist":27,"players":0,"division":0,"minMMR":671,"maxMMR":678},{"id":42,"tier":11,"playlist":27,"players":0,"division":1,"minMMR":679,"maxMMR":697},{"id":43,"tier":11,"playlist":27,"players":0,"division":2,"minMMR":698,"maxMMR":716},{"id":44,"tier":11,"playlist":27,"players":0,"division":3,"minMMR":717,"maxMMR":722},{"id":45,"tier":12,"playlist":27,"players":0,"division":0,"minMMR":723,"maxMMR":733},{"id":46,"tier":12,"playlist":27,"players":0,"division":1,"minMMR":734,"maxMMR":747},{"id":47,"tier":12,"playlist":27,"players":0,"division":2,"minMMR":748,"maxMMR":761},{"id":48,"tier":12,"playlist":27,"players":0,"division":3,"minMMR":762,"maxMMR":769},{"id":49,"tier":13,"playlist":27,"players":0,"division":0,"minMMR":774,"maxMMR":778},{"id":50,"tier":13,"playlist":27,"players":0,"division":1,"minMMR":779,"maxMMR":797},{"id":51,"tier":13,"playlist":27,"players":0,"division":2,"minMMR":798,"maxMMR":816},{"id":52,"tier":13,"playlist":27,"players":0,"division":3,"minMMR":817,"maxMMR":823},{"id":53,"tier":14,"playlist":27,"players":0,"division":0,"minMMR":824,"maxMMR":833},{"id":54,"tier":14,"playlist":27,"players":0,"division":1,"minMMR":834,"maxMMR":847},{"id":55,"tier":14,"playlist":27,"players":0,"division":2,"minMMR":848,"maxMMR":861},{"id":56,"tier":14,"playlist":27,"players":0,"division":3,"minMMR":862,"maxMMR":869},{"id":57,"tier":15,"playlist":27,"players":0,"division":0,"minMMR":867,"maxMMR":878},{"id":58,"tier":15,"playlist":27,"players":0,"division":1,"minMMR":879,"maxMMR":897},{"id":59,"tier":15,"playlist":27,"players":0,"division":2,"minMMR":898,"maxMMR":916},{"id":60,"tier":15,"playlist":27,"players":0,"division":3,"minMMR":917,"maxMMR":922},{"id":61,"tier":16,"playlist":27,"players":0,"division":0,"minMMR":924,"maxMMR":933},{"id":62,"tier":16,"playlist":27,"players":0,"division":1,"minMMR":935,"maxMMR":947},{"id":63,"tier":16,"playlist":27,"players":0,"division":2,"minMMR":948,"maxMMR":961},{"id":64,"tier":16,"playlist":27,"players":0,"division":3,"minMMR":962,"maxMMR":971},{"id":65,"tier":17,"playlist":27,"players":0,"division":0,"minMMR":969,"maxMMR":978},{"id":66,"tier":17,"playlist":27,"players":0,"division":1,"minMMR":979,"maxMMR":997},{"id":67,"tier":17,"playlist":27,"players":0,"division":2,"minMMR":998,"maxMMR":1016},{"id":68,"tier":17,"playlist":27,"players":0,"division":3,"minMMR":1017,"maxMMR":1023},{"id":69,"tier":18,"playlist":27,"players":0,"division":0,"minMMR":1027,"maxMMR":1038},{"id":70,"tier":18,"playlist":27,"players":0,"division":1,"minMMR":1039,"maxMMR":1057},{"id":71,"tier":18,"playlist":27,"players":0,"division":2,"minMMR":1058,"maxMMR":1076},{"id":72,"tier":18,"playlist":27,"players":0,"division":3,"minMMR":1077,"maxMMR":1083},{"id":73,"tier":19,"playlist":27,"players":0,"division":0,"minMMR":1095,"maxMMR":1098},{"id":74,"tier":19,"playlist":27,"players":0,"division":1,"minMMR":1099,"maxMMR":1117},{"id":75,"tier":19,"playlist":27,"players":0,"division":2,"minMMR":1118,"maxMMR":1134},{"id":76,"tier":19,"playlist":27,"players":0,"division":3,"minMMR":1137,"maxMMR":1152},{"id":77,"tier":20,"playlist":27,"players":0,"division":0,"minMMR":1146,"maxMMR":1158},{"id":78,"tier":20,"playlist":27,"players":0,"division":1,"minMMR":1160,"maxMMR":1175},{"id":79,"tier":20,"playlist":27,"players":0,"division":2,"minMMR":1178,"maxMMR":1195},{"id":80,"tier":20,"playlist":27,"players":0,"division":3,"minMMR":1197,"maxMMR":1204},{"id":81,"tier":21,"playlist":27,"players":0,"division":0,"minMMR":1205,"maxMMR":1218},{"id":82,"tier":21,"playlist":27,"players":0,"division":1,"minMMR":1219,"maxMMR":1232},{"id":83,"tier":21,"playlist":27,"players":0,"division":2,"minMMR":1238,"maxMMR":1255},{"id":84,"tier":21,"playlist":27,"players":0,"division":3,"minMMR":1257,"maxMMR":1265},{"id":85,"tier":22,"playlist":27,"players":0,"division":0,"minMMR":1262,"maxMMR":1345}]}}