{"data":{"tiers":["Unranked","Bronze I","Bronze II","Bronze III","Silver I","Silver II","Silver III","Gold I","Gold II","Gold III","Platinum I","Platinum II","Platinum III","Diamond I","Diamond II","Diamond III","Champion I","Champion II","Champion III","Grand Champion I","Grand Champion II","Grand Champion III","Supersonic Legend"],"divisions":["Division I","Division II","Division III","Division IV"],"playlists":[{"key":0,"value":"Un-Ranked"},{"key":10,"value":"Ranked Duel 1v1"},{"key":11,"value":"Ranked Doubles 2v2"},{"key":13,"value":"Ranked Standard 3v3"},{"key":27,"value":"Hoops"},{"key":28,"value":"Rumble"},{"key":29,"value":"Dropshot"},{"key":30,"value":"Snowday"},{"key":34,"value":"Tournament Matches"}],"data":[{"id":0,"tier":0,"playlist":28,"players":0,"division":0,"minMMR":477,"maxMMR":1170},{"id":1,"tier":1,"playlist":28,"players":0,"division":0,"minMMR":0,"maxMMR":97},{"id":2,"tier":1,"playlist":28,"players":0,"division":1,"minMMR":114,"maxMMR":124},{"id":3,"tier":1,"playlist":28,"players":0,"division":2,"minMMR":139,"maxMMR":139},{"id":4,"tier":1,"playlist":28,"players":0,"division":3,"minMMR":140,"maxMMR":147},{"id":5,"tier":2,"playlist":28,"players":0,"division":0,"minMMR":148,"maxMMR":156},{"id":6,"tier":2,"playlist":28,"players":0,"division":1,"minMMR":163,"maxMMR":177},{"id":7,"tier":2,"playlist":28,"players":0,"division":2,"minMMR":180,"maxMMR":195},{"id":8,"tier":2,"playlist":28,"players":0,"division":3,"minMMR":197,"maxMMR":214},{"id":9,"tier":3,"playlist":28,"players":0,"division":0,"minMMR":210,"maxMMR":218},{"id":10,"tier":3,"playlist":28,"players":0,"division":1,"minMMR":220,"maxMMR":237},{"id":11,"tier":3,"playlist":28,"players":0,"division":2,"minMMR":240,"maxMMR":255},{"id":12,"tier":3,"playlist":28,"players":0,"division":3,"minMMR":257,"maxMMR":262},{"id":13,"tier":4,"playlist":28,"players":0,"division":0,"minMMR":274,"maxMMR":278},{"id":14,"tier":4,"playlist":28,"players":0,"division":1,"minMMR":280,"maxMMR":297},{"id":15,"tier":4,"playlist":28,"players":0,"division":2,"minMMR":299,"maxMMR":316},{"id":16,"tier":4,"playlist":28,"players":0,"division":3,"minMMR":317,"maxMMR":330},{"id":17,"tier":5,"playlist":28,"players":0,"division":0,"minMMR":328,"maxMMR":338},{"id":18,"tier":5,"playlist":28,"players":0,"division":1,"minMMR":339,"maxMMR":357},{"id":19,"tier":5,"playlist":28,"players":0,"division":2,"minMMR":358,"maxMMR":376},{"id":20,"tier":5,"playlist":28,"players":0,"division":3,"minMMR":377,"maxMMR":392},{"id":21,"tier":6,"playlist":28,"players":0,"division":0,"minMMR":386,"maxMMR":398},{"id":22,"tier":6,"playlist":28,"players":0,"division":1,"minMMR":399,"maxMMR":417},{"id":23,"tier":6,"playlist":28,"players":0,"division":2,"minMMR":418,"maxMMR":436},{"id":24,"tier":6,"playlist":28,"players":0,"division":3,"minMMR":437,"maxMMR":443},{"id":25,"tier":7,"playlist":28,"players":0,"division":0,"minMMR":450,"maxMMR":458},{"id":26,"tier":7,"playlist":28,"players":0,"division":1,"minMMR":459,"maxMMR":477},{"id":27,"tier":7,"playlist":28,"players":0,"division":2,"minMMR":478,"maxMMR":496},{"id":28,"tier":7,"playlist":28,"players":0,"division":3,"minMMR":497,"maxMMR":502},{"id":29,"tier":8,"playlist":28,"players":0,"division":0,"minMMR":510,"maxMMR":518},{"id":30,"tier":8,"playlist":28,"players":0,"division":1,"minMMR":519,"maxMMR":537},{"id":31,"tier":8,"playlist":28,"players":0,"division":2,"minMMR":538,"maxMMR":556},{"id":32,"tier":8,"playlist":28,"players":0,"division":3,"minMMR":557,"maxMMR":563},{"id":33,"tier":9,"playlist":28,"players":0,"division":0,"minMMR":569,"maxMMR":578},{"id":34,"tier":9,"playlist":28,"players":0,"division":1,"minMMR":579,"maxMMR":597},{"id":35,"tier":9,"playlist":28,"players":0,"division":2,"minMMR":598,"maxMMR":616},{"id":36,"tier":9,"playlist":28,"players":0,"division":3,"minMMR":617,"maxMMR":623},{"id":37,"tier":10,"playlist":28,"players":0,"division":0,"minMMR":633,"maxMMR":638},{"id":38,"tier":10,"playlist":28,"players":0,"division":1,"minMMR":639,"maxMMR":657},{"id":39,"tier":10,"playlist":28,"players":0,"division":2,"minMMR":658,"maxMMR":676},{"id":40,"tier":10,"playlist":28,"players":0,"division":3,"minMMR":677,"maxMMR":683},{"id":41,"tier":11,"playlist":28,"players":0,"division":0,"minMMR":689,"maxMMR":698},{"id":42,"tier":11,"playlist":28,"players":0,"division":1,"minMMR":699,"maxMMR":717},{"id":43,"tier":11,"playlist":28,"players":0,"division":2,"minMMR":718,"maxMMR":736},{"id":44,"tier":11,"playlist":28,"players":0,"division":3,"minMMR":737,"maxMMR":743},{"id":45,"tier":12,"playlist":28,"players":0,"division":0,"minMMR":752,"maxMMR":758},{"id":46,"tier":12,"playlist":28,"players":0,"division":1,"minMMR":759,"maxMMR":777},{"id":47,"tier":12,"playlist":28,"players":0,"division":2,"minMMR":778,"maxMMR":796},{"id":48,"tier":12,"playlist":28,"players":0,"division":3,"minMMR":797,"maxMMR":803},{"id":49,"tier":13,"playlist":28,"players":0,"division":0,"minMMR":811,"maxMMR":818},{"id":50,"tier":13,"playlist":28,"players":0,"division":1,"minMMR":819,"maxMMR":837},{"id":51,"tier":13,"playlist":28,"players":0,"division":2,"minMMR":838,"maxMMR":856},{"id":52,"tier":13,"playlist":28,"players":0,"division":3,"minMMR":857,"maxMMR":863},{"id":53,"tier":14,"playlist":28,"players":0,"division":0,"minMMR":872,"maxMMR":878},{"id":54,"tier":14,"playlist":28,"players":0,"division":1,"minMMR":879,"maxMMR":897},{"id":55,"tier":14,"playlist":28,"players":0,"division":2,"minMMR":898,"maxMMR":916},{"id":56,"tier":14,"playlist":28,"players":0,"division":3,"minMMR":917,"maxMMR":923},{"id":57,"tier":15,"playlist":28,"players":0,"division":0,"minMMR":932,"maxMMR":938},{"id":58,"tier":15,"playlist":28,"players":0,"division":1,"minMMR":939,"maxMMR":957},{"id":59,"tier":15,"playlist":28,"players":0,"division":2,"minMMR":958,"maxMMR":976},{"id":60,"tier":15,"playlist":28,"players":0,"division":3,"minMMR":977,"maxMMR":983},{"id":61,"tier":16,"playlist":28,"players":0,"division":0,"minMMR":992,"maxMMR":998},{"id":62,"tier":16,"playlist":28,"players":0,"division":1,"minMMR":999,"maxMMR":1017},{"id":63,"tier":16,"playlist":28,"players":0,"division":2,"minMMR":1018,"maxMMR":1036},{"id":64,"tier":16,"playlist":28,"players":0,"division":3,"minMMR":1037,"maxMMR":1044},{"id":65,"tier":17,"playlist":28,"players":0,"division":0,"minMMR":1049,"maxMMR":1058},{"id":66,"tier":17,"playlist":28,"players":0,"division":1,"minMMR":1059,"maxMMR":1077},{"id":67,"tier":17,"playlist":28,"players":0,"division":2,"minMMR":1078,"maxMMR":1096},{"id":68,"tier":17,"playlist":28,"players":0,"division":3,"minMMR":1097,"maxMMR":1105},{"id":69,"tier":18,"playlist":28,"players":0,"division":0,"minMMR":1113,"maxMMR":1123},{"id":70,"tier":18,"playlist":28,"players":0,"division":1,"minMMR":1125,"maxMMR":1147},{"id":71,"tier":18,"playlist":28,"players":0,"division":2,"minMMR":1148,"maxMMR":1170},{"id":72,"tier":18,"playlist":28,"players":0,"division":3,"minMMR":1172,"maxMMR":1181},{"id":73,"tier":19,"playlist":28,"players":0,"division":0,"minMMR":1195,"maxMMR":1203},{"id":74,"tier":19,"playlist":28,"players":0,"division":1,"minMMR":1204,"maxMMR":1226},{"id":75,"tier":19,"playlist":28,"players":0,"division":2,"minMMR":1229,"maxMMR":1246},{"id":76,"tier":19,"playlist":28,"players":0,"division":3,"minMMR":1252,"maxMMR":1261},{"id":77,"tier":20,"playlist":28,"players":0,"division":0,"minMMR":1271,"maxMMR":1283},{"id":78,"tier":20,"playlist":28,"players":0,"division":1,"minMMR":1285,"maxMMR":1302},{"id":79,"tier":20,"playlist":28,"players":0,"division":2,"minMMR":1308,"maxMMR":1330},{"id":80,"tier":20,"playlist":28,"players":0,"division":3,"minMMR":1332,"maxMMR":1344},{"id":81,"tier":21,"playlist":28,"players":0,"division":0,"minMMR":1348,"maxMMR":1367},{"id":82,"tier":21,"playlist":28,"players":0,"division":1,"minMMR":1371,"maxMMR":1388},{"id":83,"tier":21,"playlist":28,"players":0,"division":2,"minMMR":1398,"maxMMR":1418},{"id":84,"tier":21,"playlist":28,"players":0,"division":3,"minMMR":1427,"maxMMR":1441},{"id":85,"tier":22,"playlist":28,"players":0,"division":0,"minMMR":1449,"maxMMR":1528}]}}